{
  "ID": "d8d2f62c-ae92-4b9a-ab4e-5ffe34f3e015",
  "Version": "2.3.3.0",
  "Name": "RoomInfo",
  "Content": {
    "Content": {
      "Animation": {
        "Duration": 0,
        "Speed": 1.0,
        "Timelines": [],
        "ctype": "TimelineActionData"
      },
      "AnimationList": [],
      "ObjectData": {
        "Tag": 414,
        "Children": [
          {
            "BackColorAlpha": 65,
            "ComboBoxIndex": 1,
            "SingleColor": {},
            "FirstColor": {
              "R": 150,
              "G": 200
            },
            "EndColor": {},
            "ColorVector": {
              "ScaleY": 1.0
            },
            "Scale9Width": 1,
            "Scale9Height": 1,
            "TouchEnable": true,
            "AnchorPoint": {},
            "Position": {
              "X": -1.9724,
              "Y": 0.6699
            },
            "Scale": {
              "ScaleX": 1.0,
              "ScaleY": 1.0
            },
            "CColor": {},
            "IconVisible": false,
            "PrePosition": {
              "X": -0.0015,
              "Y": 0.0009
            },
            "PercentWidthEnable": true,
            "PercentHeightEnable": true,
            "PercentWidthEnabled": true,
            "PercentHeightEnabled": true,
            "PreSize": {
              "X": 1.0,
              "Y": 1.0
            },
            "LeftMargin": -1.9724,
            "RightMargin": 1.9724,
            "TopMargin": -0.6699,
            "BottomMargin": 0.6699,
            "Tag": 755,
            "Children": [
              {
                "BackColorAlpha": 7,
                "SingleColor": {
                  "R": 150,
                  "G": 200
                },
                "FirstColor": {
                  "R": 150,
                  "G": 200
                },
                "EndColor": {},
                "ColorVector": {
                  "ScaleY": 1.0
                },
                "Scale9Width": 1,
                "Scale9Height": 1,
                "TouchEnable": true,
                "AnchorPoint": {},
                "Position": {
                  "X": 203.5148,
                  "Y": 33.7406
                },
                "Scale": {
                  "ScaleX": 1.0,
                  "ScaleY": 1.0
                },
                "CColor": {},
                "IconVisible": false,
                "PrePosition": {
                  "X": 0.159,
                  "Y": 0.0469
                },
                "PreSize": {
                  "X": 0.6844,
                  "Y": 0.8889
                },
                "LeftMargin": 203.5148,
                "RightMargin": 200.4852,
                "TopMargin": 46.2594,
                "BottomMargin": 33.7406,
                "Tag": 756,
                "Children": [
                  {
                    "FileData": {
                      "Type": "Normal",
                      "Path": "Club/Resoures/large/club_img_fangjianxinxi.png",
                      "Plist": ""
                    },
                    "Scale9Width": 893,
                    "Scale9Height": 668,
                    "AnchorPoint": {},
                    "Position": {
                      "X": 0.0,
                      "Y": 0.0
                    },
                    "Scale": {
                      "ScaleX": 1.0,
                      "ScaleY": 1.0
                    },
                    "CColor": {},
                    "IconVisible": false,
                    "PrePosition": {
                      "X": 0.0,
                      "Y": 0.0
                    },
                    "PreSize": {
                      "X": 1.0194,
                      "Y": 1.0438
                    },
                    "RightMargin": -17.0,
                    "TopMargin": -28.0,
                    "Tag": 757,
                    "ActionTag": 1252751842,
                    "Size": {
                      "X": 893.0,
                      "Y": 668.0
                    },
                    "Name": "Image_1",
                    "ctype": "ImageViewObjectData"
                  },
                  {
                    "FontSize": 24,
                    "LabelText": "俱乐部名称:",
                    "FontResource": {
                      "Type": "Normal",
                      "Path": "font/DFYuanW7-GB2312.ttf",
                      "Plist": ""
                    },
                    "HorizontalAlignmentType": "HT_Center",
                    "VerticalAlignmentType": "VT_Center",
                    "OutlineColor": {
                      "G": 0,
                      "B": 0
                    },
                    "ShadowColor": {
                      "R": 110,
                      "G": 110,
                      "B": 110
                    },
                    "ShadowOffsetX": 2.0,
                    "ShadowOffsetY": -2.0,
                    "AnchorPoint": {
                      "ScaleY": 0.5
                    },
                    "Position": {
                      "X": 59.7432,
                      "Y": 541.814
                    },
                    "Scale": {
                      "ScaleX": 1.0,
                      "ScaleY": 1.0
                    },
                    "CColor": {
                      "R": 72,
                      "G": 93,
                      "B": 101
                    },
                    "IconVisible": false,
                    "PositionPercentXEnabled": true,
                    "PrePosition": {
                      "X": 0.0682,
                      "Y": 0.8466
                    },
                    "PreSize": {
                      "X": 0.1495,
                      "Y": 0.0375
                    },
                    "LeftMargin": 59.7432,
                    "RightMargin": 685.2568,
                    "TopMargin": 86.186,
                    "BottomMargin": 529.814,
                    "Tag": 68,
                    "ActionTag": -325623414,
                    "Size": {
                      "X": 131.0,
                      "Y": 24.0
                    },
                    "Name": "tip_6",
                    "ctype": "TextObjectData"
                  },
                  {
                    "FontSize": 24,
                    "LabelText": "俱乐部ID:",
                    "FontResource": {
                      "Type": "Normal",
                      "Path": "font/DFYuanW7-GB2312.ttf",
                      "Plist": ""
                    },
                    "HorizontalAlignmentType": "HT_Center",
                    "VerticalAlignmentType": "VT_Center",
                    "OutlineColor": {
                      "G": 0,
                      "B": 0
                    },
                    "ShadowColor": {
                      "R": 110,
                      "G": 110,
                      "B": 110
                    },
                    "ShadowOffsetX": 2.0,
                    "ShadowOffsetY": -2.0,
                    "AnchorPoint": {
                      "ScaleY": 0.5
                    },
                    "Position": {
                      "X": 58.7431,
                      "Y": 504.8233
                    },
                    "Scale": {
                      "ScaleX": 1.0,
                      "ScaleY": 1.0
                    },
                    "CColor": {
                      "R": 72,
                      "G": 93,
                      "B": 101
                    },
                    "IconVisible": false,
                    "PositionPercentXEnabled": true,
                    "PrePosition": {
                      "X": 0.0671,
                      "Y": 0.7888
                    },
                    "PreSize": {
                      "X": 0.1221,
                      "Y": 0.0375
                    },
                    "LeftMargin": 58.7431,
                    "RightMargin": 710.2568,
                    "TopMargin": 123.1767,
                    "BottomMargin": 492.8233,
                    "Tag": 69,
                    "ActionTag": -740321366,
                    "Size": {
                      "X": 107.0,
                      "Y": 24.0
                    },
                    "Name": "tip_7",
                    "ctype": "TextObjectData"
                  },
                  {
                    "FontSize": 24,
                    "LabelText": "房间号:",
                    "FontResource": {
                      "Type": "Normal",
                      "Path": "font/DFYuanW7-GB2312.ttf",
                      "Plist": ""
                    },
                    "HorizontalAlignmentType": "HT_Center",
                    "VerticalAlignmentType": "VT_Center",
                    "OutlineColor": {
                      "G": 0,
                      "B": 0
                    },
                    "ShadowColor": {
                      "R": 110,
                      "G": 110,
                      "B": 110
                    },
                    "ShadowOffsetX": 2.0,
                    "ShadowOffsetY": -2.0,
                    "AnchorPoint": {
                      "ScaleY": 0.5
                    },
                    "Position": {
                      "X": 59.7432,
                      "Y": 467.8326
                    },
                    "Scale": {
                      "ScaleX": 1.0,
                      "ScaleY": 1.0
                    },
                    "CColor": {
                      "R": 72,
                      "G": 93,
                      "B": 101
                    },
                    "IconVisible": false,
                    "PositionPercentXEnabled": true,
                    "PrePosition": {
                      "X": 0.0682,
                      "Y": 0.731
                    },
                    "PreSize": {
                      "X": 0.0947,
                      "Y": 0.0375
                    },
                    "LeftMargin": 59.7432,
                    "RightMargin": 733.2568,
                    "TopMargin": 160.1674,
                    "BottomMargin": 455.8326,
                    "Tag": 758,
                    "ActionTag": 1681527108,
                    "Size": {
                      "X": 83.0,
                      "Y": 24.0
                    },
                    "Name": "tip_1",
                    "ctype": "TextObjectData"
                  },
                  {
                    "FontSize": 24,
                    "LabelText": "玩法名称:",
                    "FontResource": {
                      "Type": "Normal",
                      "Path": "font/DFYuanW7-GB2312.ttf",
                      "Plist": ""
                    },
                    "HorizontalAlignmentType": "HT_Center",
                    "VerticalAlignmentType": "VT_Center",
                    "OutlineColor": {
                      "G": 0,
                      "B": 0
                    },
                    "ShadowColor": {
                      "R": 110,
                      "G": 110,
                      "B": 110
                    },
                    "ShadowOffsetX": 2.0,
                    "ShadowOffsetY": -2.0,
                    "AnchorPoint": {
                      "ScaleY": 0.5
                    },
                    "Position": {
                      "X": 59.7432,
                      "Y": 430.842
                    },
                    "Scale": {
                      "ScaleX": 1.0,
                      "ScaleY": 1.0
                    },
                    "CColor": {
                      "R": 72,
                      "G": 93,
                      "B": 101
                    },
                    "IconVisible": false,
                    "PositionPercentXEnabled": true,
                    "PrePosition": {
                      "X": 0.0682,
                      "Y": 0.6732
                    },
                    "PreSize": {
                      "X": 0.1221,
                      "Y": 0.0375
                    },
                    "LeftMargin": 59.7432,
                    "RightMargin": 709.2568,
                    "TopMargin": 197.158,
                    "BottomMargin": 418.842,
                    "Tag": 760,
                    "ActionTag": -1639352379,
                    "Size": {
                      "X": 107.0,
                      "Y": 24.0
                    },
                    "Name": "tip_2",
                    "ctype": "TextObjectData"
                  },
                  {
                    "FontSize": 24,
                    "LabelText": "局数:",
                    "FontResource": {
                      "Type": "Normal",
                      "Path": "font/DFYuanW7-GB2312.ttf",
                      "Plist": ""
                    },
                    "HorizontalAlignmentType": "HT_Center",
                    "VerticalAlignmentType": "VT_Center",
                    "OutlineColor": {
                      "G": 0,
                      "B": 0
                    },
                    "ShadowColor": {
                      "R": 110,
                      "G": 110,
                      "B": 110
                    },
                    "ShadowOffsetX": 2.0,
                    "ShadowOffsetY": -2.0,
                    "AnchorPoint": {
                      "ScaleY": 0.5
                    },
                    "Position": {
                      "X": 59.7432,
                      "Y": 393.8513
                    },
                    "Scale": {
                      "ScaleX": 1.0,
                      "ScaleY": 1.0
                    },
                    "CColor": {
                      "R": 72,
                      "G": 93,
                      "B": 101
                    },
                    "IconVisible": false,
                    "PositionPercentXEnabled": true,
                    "PrePosition": {
                      "X": 0.0682,
                      "Y": 0.6154
                    },
                    "PreSize": {
                      "X": 0.0674,
                      "Y": 0.0375
                    },
                    "LeftMargin": 59.7432,
                    "RightMargin": 757.2568,
                    "TopMargin": 234.1487,
                    "BottomMargin": 381.8513,
                    "Tag": 761,
                    "ActionTag": -1673790719,
                    "Size": {
                      "X": 59.0,
                      "Y": 24.0
                    },
                    "Name": "tip_3",
                    "ctype": "TextObjectData"
                  },
                  {
                    "FontSize": 24,
                    "LabelText": "人数:",
                    "FontResource": {
                      "Type": "Normal",
                      "Path": "font/DFYuanW7-GB2312.ttf",
                      "Plist": ""
                    },
                    "HorizontalAlignmentType": "HT_Center",
                    "VerticalAlignmentType": "VT_Center",
                    "OutlineColor": {
                      "G": 0,
                      "B": 0
                    },
                    "ShadowColor": {
                      "R": 110,
                      "G": 110,
                      "B": 110
                    },
                    "ShadowOffsetX": 2.0,
                    "ShadowOffsetY": -2.0,
                    "AnchorPoint": {
                      "ScaleY": 0.5
                    },
                    "Position": {
                      "X": 59.7432,
                      "Y": 356.8607
                    },
                    "Scale": {
                      "ScaleX": 1.0,
                      "ScaleY": 1.0
                    },
                    "CColor": {
                      "R": 72,
                      "G": 93,
                      "B": 101
                    },
                    "IconVisible": false,
                    "PositionPercentXEnabled": true,
                    "PrePosition": {
                      "X": 0.0682,
                      "Y": 0.5576
                    },
                    "PreSize": {
                      "X": 0.0674,
                      "Y": 0.0375
                    },
                    "LeftMargin": 59.7432,
                    "RightMargin": 757.2568,
                    "TopMargin": 271.1393,
                    "BottomMargin": 344.8607,
                    "Tag": 762,
                    "ActionTag": -341395766,
                    "Size": {
                      "X": 59.0,
                      "Y": 24.0
                    },
                    "Name": "tip_4",
                    "ctype": "TextObjectData"
                  },
                  {
                    "FontSize": 24,
                    "LabelText": "玩法:",
                    "FontResource": {
                      "Type": "Normal",
                      "Path": "font/DFYuanW7-GB2312.ttf",
                      "Plist": ""
                    },
                    "HorizontalAlignmentType": "HT_Center",
                    "VerticalAlignmentType": "VT_Center",
                    "OutlineColor": {
                      "G": 0,
                      "B": 0
                    },
                    "ShadowColor": {
                      "R": 110,
                      "G": 110,
                      "B": 110
                    },
                    "ShadowOffsetX": 2.0,
                    "ShadowOffsetY": -2.0,
                    "AnchorPoint": {
                      "ScaleY": 0.5
                    },
                    "Position": {
                      "X": 59.7432,
                      "Y": 319.87
                    },
                    "Scale": {
                      "ScaleX": 1.0,
                      "ScaleY": 1.0
                    },
                    "CColor": {
                      "R": 72,
                      "G": 93,
                      "B": 101
                    },
                    "IconVisible": false,
                    "PositionPercentXEnabled": true,
                    "PrePosition": {
                      "X": 0.0682,
                      "Y": 0.4998
                    },
                    "PreSize": {
                      "X": 0.0674,
                      "Y": 0.0375
                    },
                    "LeftMargin": 59.7432,
                    "RightMargin": 757.2568,
                    "TopMargin": 308.13,
                    "BottomMargin": 307.87,
                    "Tag": 763,
                    "ActionTag": -1828444783,
                    "Size": {
                      "X": 59.0,
                      "Y": 24.0
                    },
                    "Name": "tip_5",
                    "ctype": "TextObjectData"
                  },
                  {
                    "FontSize": 24,
                    "LabelText": "十三水交流群",
                    "FontResource": {
                      "Type": "Normal",
                      "Path": "font/DFYuanW7-GB2312.ttf",
                      "Plist": ""
                    },
                    "HorizontalAlignmentType": "HT_Center",
                    "VerticalAlignmentType": "VT_Center",
                    "OutlineColor": {
                      "G": 0,
                      "B": 0
                    },
                    "ShadowColor": {
                      "R": 110,
                      "G": 110,
                      "B": 110
                    },
                    "ShadowOffsetX": 2.0,
                    "ShadowOffsetY": -2.0,
                    "AnchorPoint": {
                      "ScaleY": 0.5
                    },
                    "Position": {
                      "X": 203.7408,
                      "Y": 541.814
                    },
                    "Scale": {
                      "ScaleX": 1.0,
                      "ScaleY": 1.0
                    },
                    "CColor": {
                      "R": 72,
                      "G": 93,
                      "B": 101
                    },
                    "IconVisible": false,
                    "PrePosition": {
                      "X": 0.2326,
                      "Y": 0.8466
                    },
                    "PreSize": {
                      "X": 0.1678,
                      "Y": 0.0375
                    },
                    "LeftMargin": 203.7408,
                    "RightMargin": 525.2592,
                    "TopMargin": 86.186,
                    "BottomMargin": 529.814,
                    "Tag": 70,
                    "ActionTag": 2005136085,
                    "Size": {
                      "X": 147.0,
                      "Y": 24.0
                    },
                    "Name": "text_qunname",
                    "ctype": "TextObjectData"
                  },
                  {
                    "FontSize": 24,
                    "LabelText": "666666",
                    "FontResource": {
                      "Type": "Normal",
                      "Path": "font/DFYuanW7-GB2312.ttf",
                      "Plist": ""
                    },
                    "HorizontalAlignmentType": "HT_Center",
                    "VerticalAlignmentType": "VT_Center",
                    "OutlineColor": {
                      "G": 0,
                      "B": 0
                    },
                    "ShadowColor": {
                      "R": 110,
                      "G": 110,
                      "B": 110
                    },
                    "ShadowOffsetX": 2.0,
                    "ShadowOffsetY": -2.0,
                    "AnchorPoint": {
                      "ScaleY": 0.5
                    },
                    "Position": {
                      "X": 181.8196,
                      "Y": 504.8233
                    },
                    "Scale": {
                      "ScaleX": 1.0,
                      "ScaleY": 1.0
                    },
                    "CColor": {
                      "R": 72,
                      "G": 93,
                      "B": 101
                    },
                    "IconVisible": false,
                    "PrePosition": {
                      "X": 0.2076,
                      "Y": 0.7888
                    },
                    "PreSize": {
                      "X": 0.0845,
                      "Y": 0.0375
                    },
                    "LeftMargin": 181.8196,
                    "RightMargin": 620.1804,
                    "TopMargin": 123.1767,
                    "BottomMargin": 492.8233,
                    "Tag": 71,
                    "ActionTag": 521266610,
                    "Size": {
                      "X": 74.0,
                      "Y": 24.0
                    },
                    "Name": "text_qunid",
                    "ctype": "TextObjectData"
                  },
                  {
                    "FontSize": 24,
                    "LabelText": "666666",
                    "FontResource": {
                      "Type": "Normal",
                      "Path": "font/DFYuanW7-GB2312.ttf",
                      "Plist": ""
                    },
                    "HorizontalAlignmentType": "HT_Center",
                    "VerticalAlignmentType": "VT_Center",
                    "OutlineColor": {
                      "G": 0,
                      "B": 0
                    },
                    "ShadowColor": {
                      "R": 110,
                      "G": 110,
                      "B": 110
                    },
                    "ShadowOffsetX": 2.0,
                    "ShadowOffsetY": -2.0,
                    "AnchorPoint": {
                      "ScaleY": 0.5
                    },
                    "Position": {
                      "X": 149.8497,
                      "Y": 467.8326
                    },
                    "Scale": {
                      "ScaleX": 1.0,
                      "ScaleY": 1.0
                    },
                    "CColor": {
                      "G": 0,
                      "B": 0
                    },
                    "IconVisible": false,
                    "PrePosition": {
                      "X": 0.1711,
                      "Y": 0.731
                    },
                    "PreSize": {
                      "X": 0.0845,
                      "Y": 0.0375
                    },
                    "LeftMargin": 149.8497,
                    "RightMargin": 652.1503,
                    "TopMargin": 160.1674,
                    "BottomMargin": 455.8326,
                    "Tag": 765,
                    "ActionTag": 28059040,
                    "Size": {
                      "X": 74.0,
                      "Y": 24.0
                    },
                    "Name": "text_room",
                    "ctype": "TextObjectData"
                  },
                  {
                    "FontSize": 24,
                    "LabelText": "跑得快",
                    "FontResource": {
                      "Type": "Normal",
                      "Path": "font/DFYuanW7-GB2312.ttf",
                      "Plist": ""
                    },
                    "HorizontalAlignmentType": "HT_Center",
                    "VerticalAlignmentType": "VT_Center",
                    "OutlineColor": {
                      "G": 0,
                      "B": 0
                    },
                    "ShadowColor": {
                      "R": 110,
                      "G": 110,
                      "B": 110
                    },
                    "ShadowOffsetX": 2.0,
                    "ShadowOffsetY": -2.0,
                    "AnchorPoint": {
                      "ScaleY": 0.5
                    },
                    "Position": {
                      "X": 177.9802,
                      "Y": 430.842
                    },
                    "Scale": {
                      "ScaleX": 1.0,
                      "ScaleY": 1.0
                    },
                    "CColor": {
                      "R": 72,
                      "G": 93,
                      "B": 101
                    },
                    "IconVisible": false,
                    "PrePosition": {
                      "X": 0.2032,
                      "Y": 0.6732
                    },
                    "PreSize": {
                      "X": 0.0856,
                      "Y": 0.0375
                    },
                    "LeftMargin": 177.9802,
                    "RightMargin": 623.0198,
                    "TopMargin": 197.158,
                    "BottomMargin": 418.842,
                    "Tag": 766,
                    "ActionTag": 2028472089,
                    "Size": {
                      "X": 75.0,
                      "Y": 24.0
                    },
                    "Name": "text_name",
                    "ctype": "TextObjectData"
                  },
                  {
                    "FontSize": 24,
                    "LabelText": "8局",
                    "FontResource": {
                      "Type": "Normal",
                      "Path": "font/DFYuanW7-GB2312.ttf",
                      "Plist": ""
                    },
                    "HorizontalAlignmentType": "HT_Center",
                    "VerticalAlignmentType": "VT_Center",
                    "OutlineColor": {
                      "G": 0,
                      "B": 0
                    },
                    "ShadowColor": {
                      "R": 110,
                      "G": 110,
                      "B": 110
                    },
                    "ShadowOffsetX": 2.0,
                    "ShadowOffsetY": -2.0,
                    "AnchorPoint": {
                      "ScaleY": 0.5
                    },
                    "Position": {
                      "X": 137.2692,
                      "Y": 393.8513
                    },
                    "Scale": {
                      "ScaleX": 1.0,
                      "ScaleY": 1.0
                    },
                    "CColor": {
                      "R": 72,
                      "G": 93,
                      "B": 101
                    },
                    "IconVisible": false,
                    "PositionPercentXEnabled": true,
                    "PrePosition": {
                      "X": 0.1567,
                      "Y": 0.6154
                    },
                    "PreSize": {
                      "X": 0.0434,
                      "Y": 0.0375
                    },
                    "LeftMargin": 137.2692,
                    "RightMargin": 700.7308,
                    "TopMargin": 234.1487,
                    "BottomMargin": 381.8513,
                    "Tag": 767,
                    "ActionTag": -1048731671,
                    "Size": {
                      "X": 38.0,
                      "Y": 24.0
                    },
                    "Name": "text_jushu",
                    "ctype": "TextObjectData"
                  },
                  {
                    "FontSize": 24,
                    "LabelText": "4人",
                    "FontResource": {
                      "Type": "Normal",
                      "Path": "font/DFYuanW7-GB2312.ttf",
                      "Plist": ""
                    },
                    "HorizontalAlignmentType": "HT_Center",
                    "VerticalAlignmentType": "VT_Center",
                    "OutlineColor": {
                      "G": 0,
                      "B": 0
                    },
                    "ShadowColor": {
                      "R": 110,
                      "G": 110,
                      "B": 110
                    },
                    "ShadowOffsetX": 2.0,
                    "ShadowOffsetY": -2.0,
                    "AnchorPoint": {
                      "ScaleY": 0.5
                    },
                    "Position": {
                      "X": 137.2692,
                      "Y": 356.8607
                    },
                    "Scale": {
                      "ScaleX": 1.0,
                      "ScaleY": 1.0
                    },
                    "CColor": {
                      "R": 72,
                      "G": 93,
                      "B": 101
                    },
                    "IconVisible": false,
                    "PositionPercentXEnabled": true,
                    "PrePosition": {
                      "X": 0.1567,
                      "Y": 0.5576
                    },
                    "PreSize": {
                      "X": 0.0445,
                      "Y": 0.0375
                    },
                    "LeftMargin": 137.2692,
                    "RightMargin": 699.7308,
                    "TopMargin": 271.1393,
                    "BottomMargin": 344.8607,
                    "Tag": 768,
                    "ActionTag": -1653975905,
                    "Size": {
                      "X": 39.0,
                      "Y": 24.0
                    },
                    "Name": "text_renshu",
                    "ctype": "TextObjectData"
                  },
                  {
                    "IsCustomSize": true,
                    "FontSize": 24,
                    "LabelText": "16张玩法达瓦达瓦大达瓦单位达瓦单位16张玩法达瓦达瓦等等",
                    "FontResource": {
                      "Type": "Normal",
                      "Path": "font/DFYuanW7-GB2312.ttf",
                      "Plist": ""
                    },
                    "OutlineColor": {
                      "G": 0,
                      "B": 0
                    },
                    "ShadowColor": {
                      "R": 110,
                      "G": 110,
                      "B": 110
                    },
                    "ShadowOffsetX": 2.0,
                    "ShadowOffsetY": -2.0,
                    "AnchorPoint": {
                      "ScaleY": 1.0
                    },
                    "Position": {
                      "X": 137.2692,
                      "Y": 331.87
                    },
                    "Scale": {
                      "ScaleX": 1.0,
                      "ScaleY": 1.0
                    },
                    "CColor": {
                      "R": 72,
                      "G": 93,
                      "B": 101
                    },
                    "IconVisible": false,
                    "PositionPercentXEnabled": true,
                    "PrePosition": {
                      "X": 0.1567,
                      "Y": 0.5185
                    },
                    "PreSize": {
                      "X": 0.7432,
                      "Y": 0.1875
                    },
                    "LeftMargin": 137.2692,
                    "RightMargin": 87.7308,
                    "TopMargin": 308.13,
                    "BottomMargin": 211.87,
                    "Tag": 769,
                    "ActionTag": 1122397891,
                    "Size": {
                      "X": 651.0,
                      "Y": 120.0
                    },
                    "Name": "text_wanfa",
                    "ctype": "TextObjectData"
                  },
                  {
                    "FontSize": 14,
                    "ButtonText": "",
                    "TextColor": {
                      "R": 65,
                      "G": 65,
                      "B": 70
                    },
                    "PressedFileData": {
                      "Type": "Normal",
                      "Path": "Club/Resoures/large/btn_guanbi.png",
                      "Plist": ""
                    },
                    "NormalFileData": {
                      "Type": "Normal",
                      "Path": "Club/Resoures/large/btn_guanbi.png",
                      "Plist": ""
                    },
                    "Scale9OriginX": 15,
                    "Scale9OriginY": 11,
                    "Scale9Width": 63,
                    "Scale9Height": 70,
                    "OutlineColor": {
                      "G": 0,
                      "B": 0
                    },
                    "ShadowColor": {
                      "R": 110,
                      "G": 110,
                      "B": 110
                    },
                    "ShadowOffsetX": 2.0,
                    "ShadowOffsetY": -2.0,
                    "TouchEnable": true,
                    "AnchorPoint": {
                      "ScaleX": 0.5,
                      "ScaleY": 0.5
                    },
                    "Position": {
                      "X": 874.248,
                      "Y": 627.0386
                    },
                    "Scale": {
                      "ScaleX": 1.0,
                      "ScaleY": 1.0
                    },
                    "CColor": {},
                    "IconVisible": false,
                    "PositionPercentXEnabled": true,
                    "PrePosition": {
                      "X": 0.998,
                      "Y": 0.9797
                    },
                    "PreSize": {
                      "X": 0.1062,
                      "Y": 0.1437
                    },
                    "LeftMargin": 827.748,
                    "RightMargin": -44.748,
                    "TopMargin": -33.0386,
                    "BottomMargin": 581.0386,
                    "Tag": 764,
                    "ActionTag": -1939267832,
                    "Size": {
                      "X": 93.0,
                      "Y": 92.0
                    },
                    "Name": "btn_back",
                    "ctype": "ButtonObjectData"
                  },
                  {
                    "FontSize": 14,
                    "ButtonText": "",
                    "TextColor": {
                      "R": 65,
                      "G": 65,
                      "B": 70
                    },
                    "PressedFileData": {
                      "Type": "Normal",
                      "Path": "Club/Resoures/large/btn_jiaru_01.png",
                      "Plist": ""
                    },
                    "NormalFileData": {
                      "Type": "Normal",
                      "Path": "Club/Resoures/large/btn_jiaru_02.png",
                      "Plist": ""
                    },
                    "Scale9OriginX": 15,
                    "Scale9OriginY": 11,
                    "Scale9Width": 211,
                    "Scale9Height": 85,
                    "OutlineColor": {
                      "G": 0,
                      "B": 0
                    },
                    "ShadowColor": {
                      "R": 110,
                      "G": 110,
                      "B": 110
                    },
                    "ShadowOffsetX": 2.0,
                    "ShadowOffsetY": -2.0,
                    "TouchEnable": true,
                    "AnchorPoint": {
                      "ScaleX": 0.5,
                      "ScaleY": 0.5
                    },
                    "Position": {
                      "X": 437.7372,
                      "Y": 84.9998
                    },
                    "Scale": {
                      "ScaleX": 1.0,
                      "ScaleY": 1.0
                    },
                    "CColor": {},
                    "IconVisible": false,
                    "PositionPercentXEnabled": true,
                    "PrePosition": {
                      "X": 0.4997,
                      "Y": 0.1328
                    },
                    "PreSize": {
                      "X": 0.2751,
                      "Y": 0.1672
                    },
                    "LeftMargin": 317.2372,
                    "RightMargin": 317.7628,
                    "TopMargin": 501.5002,
                    "BottomMargin": 31.4998,
                    "Tag": 759,
                    "ActionTag": -1629363621,
                    "Size": {
                      "X": 241.0,
                      "Y": 107.0
                    },
                    "Name": "btn_join",
                    "ctype": "ButtonObjectData"
                  }
                ],
                "ActionTag": -1045277396,
                "Size": {
                  "X": 876.0,
                  "Y": 640.0
                },
                "Name": "panel_root",
                "ctype": "PanelObjectData"
              }
            ],
            "ActionTag": 354872224,
            "Size": {
              "X": 1280.0,
              "Y": 720.0
            },
            "Name": "panel_shadow",
            "ctype": "PanelObjectData"
          },
          {
            "FontSize": 24,
            "LabelText": "底金：半分",
            "OutlineColor": {
              "G": 0,
              "B": 0
            },
            "ShadowColor": {
              "R": 110,
              "G": 110,
              "B": 110
            },
            "ShadowOffsetX": 2.0,
            "ShadowOffsetY": -2.0,
            "AnchorPoint": {
              "ScaleY": 0.4826
            },
            "Position": {
              "X": 262.7951,
              "Y": 319.7065
            },
            "Scale": {
              "ScaleX": 1.0,
              "ScaleY": 1.0
            },
            "CColor": {
              "R": 72,
              "G": 93,
              "B": 101
            },
            "IconVisible": false,
            "PrePosition": {
              "X": 0.2053,
              "Y": 0.444
            },
            "PreSize": {
              "X": 0.0938,
              "Y": 0.0333
            },
            "LeftMargin": 262.7951,
            "RightMargin": 897.2049,
            "TopMargin": 387.8754,
            "BottomMargin": 308.1246,
            "Tag": 68,
            "ActionTag": 422881788,
            "Size": {
              "X": 120.0,
              "Y": 24.0
            },
            "Name": "text_dijin",
            "ctype": "TextObjectData"
          }
        ],
        "Size": {
          "X": 1280.0,
          "Y": 720.0
        },
        "Name": "Layer",
        "ctype": "LayerObjectData"
      },
      "UsedResources": [
        "../font/DFYuanW7-GB2312.ttf",
        "Resoures/large/btn_guanbi.png",
        "Resoures/large/btn_jiaru_01.png",
        "Resoures/large/btn_jiaru_02.png",
        "Resoures/large/club_img_fangjianxinxi.png"
      ],
      "ctype": "GameFileData"
    }
  },
  "Type": "Layer"
}