{
  "ID": "64f3268e-0513-4621-9ccf-cab163ae65b8",
  "Version": "2.3.3.0",
  "Name": "WuHanCardDownDesk",
  "Content": {
    "Content": {
      "Animation": {
        "Duration": 0,
        "Speed": 1.0,
        "Timelines": [],
        "ctype": "TimelineActionData"
      },
      "AnimationList": [],
      "ObjectData": {
        "Tag": 33,
        "Children": [
          {
            "BackColorAlpha": 0,
            "ComboBoxIndex": 1,
            "SingleColor": {
              "R": 150,
              "G": 200
            },
            "FirstColor": {
              "R": 150,
              "G": 200
            },
            "EndColor": {},
            "ColorVector": {
              "ScaleY": 1.0
            },
            "Scale9Width": 1,
            "Scale9Height": 1,
            "AnchorPoint": {},
            "Position": {
              "X": 0.0,
              "Y": 0.0
            },
            "Scale": {
              "ScaleX": 1.0,
              "ScaleY": 1.0
            },
            "CColor": {},
            "IconVisible": false,
            "PrePosition": {
              "X": 0.0,
              "Y": 0.0
            },
            "PercentWidthEnable": true,
            "PercentHeightEnable": true,
            "PercentWidthEnabled": true,
            "PercentHeightEnabled": true,
            "PreSize": {
              "X": 1.0,
              "Y": 1.0
            },
            "Tag": 34,
            "Children": [
              {
                "FileData": {
                  "Type": "PlistSubImage",
                  "Path": "down0.png",
                  "Plist": "MajhongBase/Resoures/tileImage.plist"
                },
                "Scale9Width": 82,
                "Scale9Height": 71,
                "AnchorPoint": {
                  "ScaleX": 0.5,
                  "ScaleY": 0.5
                },
                "Position": {
                  "X": 41.0,
                  "Y": 35.5
                },
                "Scale": {
                  "ScaleX": 1.0,
                  "ScaleY": 1.0
                },
                "CColor": {},
                "IconVisible": false,
                "PrePosition": {
                  "X": 0.5,
                  "Y": 0.5
                },
                "PreSize": {
                  "X": 1.0,
                  "Y": 1.0
                },
                "Tag": 327,
                "ActionTag": 982041928,
                "Size": {
                  "X": 82.0,
                  "Y": 71.0
                },
                "Name": "image_cardBG",
                "ctype": "ImageViewObjectData"
              },
              {
                "FileData": {
                  "Type": "PlistSubImage",
                  "Path": "mahjong_tile_small_bing_9.png",
                  "Plist": "MajhongBase/Resoures/tileImage.plist"
                },
                "Scale9Width": 42,
                "Scale9Height": 51,
                "AnchorPoint": {},
                "Position": {
                  "X": 14.3998,
                  "Y": 23.1999
                },
                "Scale": {
                  "ScaleX": 1.27,
                  "ScaleY": 0.92
                },
                "RotationSkewX": 15.0,
                "CColor": {},
                "IconVisible": false,
                "PrePosition": {
                  "X": 0.1756,
                  "Y": 0.3268
                },
                "PreSize": {
                  "X": 0.5122,
                  "Y": 0.7183
                },
                "LeftMargin": 14.3998,
                "RightMargin": 25.6002,
                "TopMargin": -3.1999,
                "BottomMargin": 23.1999,
                "Tag": 302,
                "ActionTag": -1089959278,
                "Size": {
                  "X": 42.0,
                  "Y": 51.0
                },
                "Name": "image_card",
                "ctype": "ImageViewObjectData"
              },
              {
                "FileData": {
                  "Type": "PlistSubImage",
                  "Path": "tile_pointer.png",
                  "Plist": "MajhongBase/Resoures/tileImage.plist"
                },
                "Scale9Width": 37,
                "Scale9Height": 45,
                "AnchorPoint": {
                  "ScaleX": 0.5
                },
                "Position": {
                  "X": 52.1095,
                  "Y": 46.2423
                },
                "Scale": {
                  "ScaleX": 1.2833,
                  "ScaleY": 1.28
                },
                "CColor": {},
                "IconVisible": false,
                "PositionPercentYEnabled": true,
                "PrePosition": {
                  "X": 0.6355,
                  "Y": 0.6513
                },
                "PreSize": {
                  "X": 0.4512,
                  "Y": 0.6338
                },
                "LeftMargin": 33.6095,
                "RightMargin": 11.3905,
                "TopMargin": -20.2423,
                "BottomMargin": 46.2423,
                "Tag": 319,
                "ActionTag": -747310532,
                "Size": {
                  "X": 37.0,
                  "Y": 45.0
                },
                "Alpha": 178,
                "Name": "image_indicator",
                "ctype": "ImageViewObjectData"
              }
            ],
            "ActionTag": 566513273,
            "Size": {
              "X": 82.0,
              "Y": 71.0
            },
            "Name": "panel_card",
            "ctype": "PanelObjectData"
          }
        ],
        "Size": {
          "X": 82.0,
          "Y": 71.0
        },
        "Name": "Layer",
        "ctype": "LayerObjectData"
      },
      "UsedResources": [
        "../MajhongBase/Resoures/tileImage.plist",
        "../MajhongBase/Resoures/tileImage.png"
      ],
      "ctype": "GameFileData"
    }
  },
  "Type": "Layer"
}