{
  "ID": "662291f4-d45e-4cd3-9be1-1cd68d14b65e",
  "Version": "2.3.3.0",
  "Name": "WuHanCardRightDesk",
  "Content": {
    "Content": {
      "Animation": {
        "Duration": 0,
        "Speed": 1.0,
        "Timelines": [],
        "ctype": "TimelineActionData"
      },
      "AnimationList": [],
      "ObjectData": {
        "Tag": 33,
        "Children": [
          {
            "BackColorAlpha": 0,
            "SingleColor": {
              "R": 150,
              "G": 200
            },
            "FirstColor": {
              "R": 150,
              "G": 200
            },
            "EndColor": {},
            "ColorVector": {
              "ScaleY": 1.0
            },
            "Scale9Width": 1,
            "Scale9Height": 1,
            "AnchorPoint": {},
            "Position": {
              "X": 0.0,
              "Y": 0.0
            },
            "Scale": {
              "ScaleX": 1.0,
              "ScaleY": 1.0
            },
            "CColor": {},
            "IconVisible": false,
            "PrePosition": {
              "X": 0.0,
              "Y": 0.0
            },
            "PercentWidthEnable": true,
            "PercentHeightEnable": true,
            "PercentWidthEnabled": true,
            "PercentHeightEnabled": true,
            "PreSize": {
              "X": 1.0,
              "Y": 1.0
            },
            "Tag": 34,
            "Children": [
              {
                "FlipX": true,
                "FileData": {
                  "Type": "PlistSubImage",
                  "Path": "left0.png",
                  "Plist": "MajhongBase/Resoures/tileImage.plist"
                },
                "Scale9Width": 103,
                "Scale9Height": 61,
                "AnchorPoint": {
                  "ScaleX": 0.5,
                  "ScaleY": 0.5
                },
                "Position": {
                  "X": 51.5,
                  "Y": 30.5
                },
                "Scale": {
                  "ScaleX": 1.0,
                  "ScaleY": 1.0
                },
                "CColor": {},
                "IconVisible": false,
                "PositionPercentXEnabled": true,
                "PositionPercentYEnabled": true,
                "PrePosition": {
                  "X": 0.5,
                  "Y": 0.5
                },
                "PreSize": {
                  "X": 1.0,
                  "Y": 1.0
                },
                "Tag": 223,
                "ActionTag": 450548254,
                "Size": {
                  "X": 103.0,
                  "Y": 61.0
                },
                "Name": "image_cardBG",
                "ctype": "ImageViewObjectData"
              },
              {
                "FileData": {
                  "Type": "PlistSubImage",
                  "Path": "mahjong_tile_small_bing_9.png",
                  "Plist": "MajhongBase/Resoures/tileImage.plist"
                },
                "Scale9Width": 42,
                "Scale9Height": 51,
                "AnchorPoint": {
                  "ScaleX": 0.5,
                  "ScaleY": 0.5
                },
                "Position": {
                  "X": 44.0,
                  "Y": 44.0
                },
                "Scale": {
                  "ScaleX": 0.9,
                  "ScaleY": 1.21
                },
                "RotationSkewX": 270.0,
                "RotationSkewY": 245.0,
                "CColor": {},
                "IconVisible": false,
                "PrePosition": {
                  "X": 0.4272,
                  "Y": 0.7213
                },
                "PreSize": {
                  "X": 0.4078,
                  "Y": 0.8361
                },
                "LeftMargin": 23.0,
                "RightMargin": 38.0,
                "TopMargin": -8.5,
                "BottomMargin": 18.5,
                "Tag": 193,
                "ActionTag": -519591950,
                "Size": {
                  "X": 42.0,
                  "Y": 51.0
                },
                "Name": "image_card",
                "ctype": "ImageViewObjectData"
              },
              {
                "FileData": {
                  "Type": "PlistSubImage",
                  "Path": "tile_pointer.png",
                  "Plist": "MajhongBase/Resoures/tileImage.plist"
                },
                "Scale9Width": 37,
                "Scale9Height": 45,
                "AnchorPoint": {
                  "ScaleX": 0.5
                },
                "Position": {
                  "X": 45.32,
                  "Y": 42.7
                },
                "Scale": {
                  "ScaleX": 1.28,
                  "ScaleY": 1.28
                },
                "CColor": {},
                "IconVisible": false,
                "PositionPercentXEnabled": true,
                "PositionPercentYEnabled": true,
                "PrePosition": {
                  "X": 0.44,
                  "Y": 0.7
                },
                "PreSize": {
                  "X": 0.3592,
                  "Y": 0.7377
                },
                "LeftMargin": 26.82,
                "RightMargin": 39.18,
                "TopMargin": -26.7,
                "BottomMargin": 42.7,
                "Tag": 529,
                "ActionTag": 1361414831,
                "Size": {
                  "X": 37.0,
                  "Y": 45.0
                },
                "VisibleForFrame": false,
                "Alpha": 178,
                "Name": "image_indicator",
                "ctype": "ImageViewObjectData"
              }
            ],
            "ActionTag": 566513273,
            "Size": {
              "X": 103.0,
              "Y": 61.0
            },
            "Name": "panel_card",
            "ctype": "PanelObjectData"
          }
        ],
        "Size": {
          "X": 103.0,
          "Y": 61.0
        },
        "Name": "Layer",
        "ctype": "LayerObjectData"
      },
      "UsedResources": [
        "../MajhongBase/Resoures/tileImage.plist",
        "../MajhongBase/Resoures/tileImage.png"
      ],
      "ctype": "GameFileData"
    }
  },
  "Type": "Layer"
}