{
  "ID": "fb35b32b-0408-474b-98f7-6fc1a420e231",
  "Version": "2.3.3.0",
  "Name": "WuHanCardUpDesk",
  "Content": {
    "Content": {
      "Animation": {
        "Duration": 0,
        "Speed": 1.0,
        "Timelines": [],
        "ctype": "TimelineActionData"
      },
      "AnimationList": [],
      "ObjectData": {
        "Tag": 33,
        "Children": [
          {
            "BackColorAlpha": 0,
            "ComboBoxIndex": 1,
            "SingleColor": {
              "R": 150,
              "G": 200
            },
            "FirstColor": {
              "R": 150,
              "G": 200
            },
            "EndColor": {},
            "ColorVector": {
              "ScaleY": 1.0
            },
            "Scale9Width": 1,
            "Scale9Height": 1,
            "AnchorPoint": {},
            "Position": {
              "X": 0.0,
              "Y": 0.0
            },
            "Scale": {
              "ScaleX": 1.0,
              "ScaleY": 1.0
            },
            "CColor": {},
            "IconVisible": false,
            "PrePosition": {
              "X": 0.0,
              "Y": 0.0
            },
            "PercentWidthEnable": true,
            "PercentHeightEnable": true,
            "PercentWidthEnabled": true,
            "PercentHeightEnabled": true,
            "PreSize": {
              "X": 1.0,
              "Y": 1.0
            },
            "Tag": 34,
            "Children": [
              {
                "FlipX": true,
                "FileData": {
                  "Type": "PlistSubImage",
                  "Path": "down0.png",
                  "Plist": "MajhongBase/Resoures/tileImage.plist"
                },
                "Scale9Width": 82,
                "Scale9Height": 71,
                "AnchorPoint": {
                  "ScaleX": 0.5,
                  "ScaleY": 0.5
                },
                "Position": {
                  "X": 41.0,
                  "Y": 35.5
                },
                "Scale": {
                  "ScaleX": 1.0,
                  "ScaleY": 1.0
                },
                "CColor": {},
                "IconVisible": false,
                "PositionPercentXEnabled": true,
                "PositionPercentYEnabled": true,
                "PrePosition": {
                  "X": 0.5,
                  "Y": 0.5
                },
                "PreSize": {
                  "X": 1.0,
                  "Y": 1.0
                },
                "Tag": 71,
                "ActionTag": -1860592861,
                "Size": {
                  "X": 82.0,
                  "Y": 71.0
                },
                "Name": "image_cardBG",
                "ctype": "ImageViewObjectData"
              },
              {
                "FileData": {
                  "Type": "PlistSubImage",
                  "Path": "mahjong_tile_small_bing_7.png",
                  "Plist": "MajhongBase/Resoures/tileImage.plist"
                },
                "Scale9Width": 42,
                "Scale9Height": 51,
                "AnchorPoint": {},
                "Position": {
                  "X": 14.4,
                  "Y": 23.8
                },
                "Scale": {
                  "ScaleX": 1.22,
                  "ScaleY": 0.91
                },
                "RotationSkewX": -15.0,
                "CColor": {},
                "IconVisible": false,
                "PrePosition": {
                  "X": 0.1756,
                  "Y": 0.3352
                },
                "PreSize": {
                  "X": 0.5122,
                  "Y": 0.7183
                },
                "LeftMargin": 14.4,
                "RightMargin": 25.6,
                "TopMargin": -3.8,
                "BottomMargin": 23.8,
                "Tag": 80,
                "ActionTag": 1480782575,
                "Size": {
                  "X": 42.0,
                  "Y": 51.0
                },
                "Name": "image_card",
                "ctype": "ImageViewObjectData"
              },
              {
                "FileData": {
                  "Type": "PlistSubImage",
                  "Path": "tile_pointer.png",
                  "Plist": "MajhongBase/Resoures/tileImage.plist"
                },
                "Scale9Width": 37,
                "Scale9Height": 45,
                "AnchorPoint": {
                  "ScaleX": 0.5
                },
                "Position": {
                  "X": 33.21,
                  "Y": 45.7169
                },
                "Scale": {
                  "ScaleX": 1.8,
                  "ScaleY": 1.8
                },
                "CColor": {},
                "IconVisible": false,
                "PositionPercentXEnabled": true,
                "PositionPercentYEnabled": true,
                "PrePosition": {
                  "X": 0.405,
                  "Y": 0.6439
                },
                "PreSize": {
                  "X": 0.4512,
                  "Y": 0.6338
                },
                "LeftMargin": 14.71,
                "RightMargin": 30.29,
                "TopMargin": -19.7169,
                "BottomMargin": 45.7169,
                "Tag": 533,
                "ActionTag": 776758484,
                "Size": {
                  "X": 37.0,
                  "Y": 45.0
                },
                "Alpha": 178,
                "Name": "image_indicator",
                "ctype": "ImageViewObjectData"
              }
            ],
            "ActionTag": 566513273,
            "Size": {
              "X": 82.0,
              "Y": 71.0
            },
            "Name": "panel_card",
            "ctype": "PanelObjectData"
          }
        ],
        "Size": {
          "X": 82.0,
          "Y": 71.0
        },
        "Name": "Layer",
        "ctype": "LayerObjectData"
      },
      "UsedResources": [
        "../MajhongBase/Resoures/tileImage.plist",
        "../MajhongBase/Resoures/tileImage.png"
      ],
      "ctype": "GameFileData"
    }
  },
  "Type": "Layer"
}